{
  "overall_accuracy": 0.9227467811158798,
  "macro_f1": 0.9220766968137146,
  "macro_precision": 0.9257603684960942,
  "macro_recall": 0.9228452645260794,
  "per_class": {
    "A": {
      "precision": 0.9393939393939394,
      "recall": 0.9841269841269841,
      "f1": 0.9612403100775194,
      "support": 63
    },
    "B": {
      "precision": 0.9545454545454546,
      "recall": 1.0,
      "f1": 0.9767441860465116,
      "support": 63
    },
    "C": {
      "precision": 0.9827586206896551,
      "recall": 0.9047619047619048,
      "f1": 0.9421487603305785,
      "support": 63
    },
    "D": {
      "precision": 0.984375,
      "recall": 1.0,
      "f1": 0.9921259842519685,
      "support": 63
    },
    "E": {
      "precision": 0.8055555555555556,
      "recall": 0.9206349206349206,
      "f1": 0.8592592592592593,
      "support": 63
    },
    "F": {
      "precision": 0.9642857142857143,
      "recall": 0.8571428571428571,
      "f1": 0.907563025210084,
      "support": 63
    },
    "G": {
      "precision": 0.9384615384615385,
      "recall": 0.9682539682539683,
      "f1": 0.953125,
      "support": 63
    },
    "H": {
      "precision": 0.9508196721311475,
      "recall": 0.9206349206349206,
      "f1": 0.9354838709677419,
      "support": 63
    },
    "I": {
      "precision": 0.8870967741935484,
      "recall": 0.873015873015873,
      "f1": 0.88,
      "support": 63
    },
    "J": {
      "precision": 0.9375,
      "recall": 0.9523809523809523,
      "f1": 0.9448818897637795,
      "support": 63
    },
    "K": {
      "precision": 0.9354838709677419,
      "recall": 0.9206349206349206,
      "f1": 0.928,
      "support": 63
    },
    "L": {
      "precision": 0.9682539682539683,
      "recall": 0.9682539682539683,
      "f1": 0.9682539682539683,
      "support": 63
    },
    "M": {
      "precision": 0.8939393939393939,
      "recall": 0.9365079365079365,
      "f1": 0.9147286821705426,
      "support": 63
    },
    "N": {
      "precision": 0.9574468085106383,
      "recall": 0.7258064516129032,
      "f1": 0.8256880733944955,
      "support": 62
    },
    "O": {
      "precision": 0.953125,
      "recall": 0.9682539682539683,
      "f1": 0.9606299212598425,
      "support": 63
    },
    "P": {
      "precision": 1.0,
      "recall": 0.9047619047619048,
      "f1": 0.95,
      "support": 63
    },
    "Q": {
      "precision": 0.9032258064516129,
      "recall": 0.9824561403508771,
      "f1": 0.9411764705882353,
      "support": 57
    },
    "R": {
      "precision": 0.9122807017543859,
      "recall": 0.8253968253968254,
      "f1": 0.8666666666666667,
      "support": 63
    },
    "S": {
      "precision": 0.8450704225352113,
      "recall": 0.9523809523809523,
      "f1": 0.8955223880597015,
      "support": 63
    },
    "T": {
      "precision": 0.9622641509433962,
      "recall": 0.8095238095238095,
      "f1": 0.8793103448275862,
      "support": 63
    },
    "U": {
      "precision": 0.8356164383561644,
      "recall": 0.9682539682539683,
      "f1": 0.8970588235294118,
      "support": 63
    },
    "V": {
      "precision": 0.9672131147540983,
      "recall": 0.9365079365079365,
      "f1": 0.9516129032258065,
      "support": 63
    },
    "W": {
      "precision": 0.9117647058823529,
      "recall": 0.9841269841269841,
      "f1": 0.9465648854961832,
      "support": 63
    },
    "X": {
      "precision": 0.9090909090909091,
      "recall": 0.9523809523809523,
      "f1": 0.9302325581395349,
      "support": 63
    },
    "Y": {
      "precision": 0.8611111111111112,
      "recall": 0.9841269841269841,
      "f1": 0.9185185185185185,
      "support": 63
    },
    "Z": {
      "precision": 0.9090909090909091,
      "recall": 0.7936507936507936,
      "f1": 0.847457627118644,
      "support": 63
    }
  },
  "most_confused_pairs": [
    {
      "true": "N",
      "pred": "E",
      "count": 7
    },
    {
      "true": "N",
      "pred": "M",
      "count": 5
    },
    {
      "true": "R",
      "pred": "U",
      "count": 5
    },
    {
      "true": "P",
      "pred": "Q",
      "count": 4
    },
    {
      "true": "V",
      "pred": "W",
      "count": 4
    },
    {
      "true": "F",
      "pred": "U",
      "count": 3
    },
    {
      "true": "H",
      "pred": "G",
      "count": 3
    },
    {
      "true": "N",
      "pred": "S",
      "count": 3
    },
    {
      "true": "R",
      "pred": "X",
      "count": 3
    },
    {
      "true": "T",
      "pred": "E",
      "count": 3
    }
  ],
  "num_test_samples": 1631,
  "checkpoint": "artifacts/checkpoints_robust/best_model.pth",
  "note": "Accuracy measured on the held-out test split of a real ASL hand-sign dataset (never seen during training or validation)."
}
