{
  "ece": 0.02953924279403898,
  "n_bins": 10,
  "num_test_samples": 2898,
  "mean_confidence": 0.9436717935743042,
  "accuracy": 0.9730848861283644,
  "bins": {
    "bin_lowers": [
      0.0,
      0.1,
      0.2,
      0.30000000000000004,
      0.4,
      0.5,
      0.6000000000000001,
      0.7000000000000001,
      0.8,
      0.9
    ],
    "bin_uppers": [
      0.1,
      0.2,
      0.30000000000000004,
      0.4,
      0.5,
      0.6000000000000001,
      0.7000000000000001,
      0.8,
      0.9,
      1.0
    ],
    "bin_acc": [
      0.0,
      0.0,
      0.3333333333333333,
      0.36363636363636365,
      0.5,
      0.7543859649122807,
      0.6527777777777778,
      0.9,
      0.9946808510638298,
      0.9987725040916531
    ],
    "bin_conf": [
      0.0,
      0.18279169772893478,
      0.24570923235108885,
      0.3364794541355899,
      0.45618643427765765,
      0.5530471155051473,
      0.6454054649683028,
      0.7539220686657911,
      0.85481548211346,
      0.9856753365844564
    ],
    "bin_count": [
      0,
      1,
      3,
      11,
      32,
      57,
      72,
      90,
      188,
      2444
    ]
  },
  "checkpoint": "artifacts/checkpoints/best_model.pth",
  "data_dir": "data/asl_real,data/asl_diverse",
  "temperature": 1.0,
  "temperature_fit_on": "none",
  "note": "ECE measured on the held-out test split of the real ASL dataset with the trained MobileNetV2 checkpoint \u2014 a meaningful calibration assessment. Compare 'mean_confidence' against 'accuracy' to read the direction of miscalibration; the reliability diagram shows where per-bin confidence and accuracy diverge."
}