{
  "overall_accuracy": 0.9681177191906806,
  "macro_f1": 0.9678737163929976,
  "macro_precision": 0.9685066419492766,
  "macro_recall": 0.9681306243275684,
  "per_class": {
    "A": {
      "precision": 1.0,
      "recall": 1.0,
      "f1": 1.0,
      "support": 63
    },
    "B": {
      "precision": 0.9692307692307692,
      "recall": 1.0,
      "f1": 0.984375,
      "support": 63
    },
    "C": {
      "precision": 0.9682539682539683,
      "recall": 0.9682539682539683,
      "f1": 0.9682539682539683,
      "support": 63
    },
    "D": {
      "precision": 1.0,
      "recall": 0.9682539682539683,
      "f1": 0.9838709677419355,
      "support": 63
    },
    "E": {
      "precision": 0.9393939393939394,
      "recall": 0.9841269841269841,
      "f1": 0.9612403100775194,
      "support": 63
    },
    "F": {
      "precision": 1.0,
      "recall": 0.9682539682539683,
      "f1": 0.9838709677419355,
      "support": 63
    },
    "G": {
      "precision": 0.9838709677419355,
      "recall": 0.9682539682539683,
      "f1": 0.976,
      "support": 63
    },
    "H": {
      "precision": 0.9545454545454546,
      "recall": 1.0,
      "f1": 0.9767441860465116,
      "support": 63
    },
    "I": {
      "precision": 0.9833333333333333,
      "recall": 0.9365079365079365,
      "f1": 0.959349593495935,
      "support": 63
    },
    "J": {
      "precision": 0.9692307692307692,
      "recall": 1.0,
      "f1": 0.984375,
      "support": 63
    },
    "K": {
      "precision": 0.9824561403508771,
      "recall": 0.8888888888888888,
      "f1": 0.9333333333333333,
      "support": 63
    },
    "L": {
      "precision": 0.96875,
      "recall": 0.9841269841269841,
      "f1": 0.9763779527559056,
      "support": 63
    },
    "M": {
      "precision": 0.9682539682539683,
      "recall": 0.9682539682539683,
      "f1": 0.9682539682539683,
      "support": 63
    },
    "N": {
      "precision": 0.9491525423728814,
      "recall": 0.9032258064516129,
      "f1": 0.9256198347107438,
      "support": 62
    },
    "O": {
      "precision": 0.9692307692307692,
      "recall": 1.0,
      "f1": 0.984375,
      "support": 63
    },
    "P": {
      "precision": 1.0,
      "recall": 0.9365079365079365,
      "f1": 0.9672131147540983,
      "support": 63
    },
    "Q": {
      "precision": 0.9333333333333333,
      "recall": 0.9824561403508771,
      "f1": 0.9572649572649573,
      "support": 57
    },
    "R": {
      "precision": 0.9655172413793104,
      "recall": 0.8888888888888888,
      "f1": 0.9256198347107438,
      "support": 63
    },
    "S": {
      "precision": 1.0,
      "recall": 1.0,
      "f1": 1.0,
      "support": 63
    },
    "T": {
      "precision": 0.953125,
      "recall": 0.9682539682539683,
      "f1": 0.9606299212598425,
      "support": 63
    },
    "U": {
      "precision": 0.953125,
      "recall": 0.9682539682539683,
      "f1": 0.9606299212598425,
      "support": 63
    },
    "V": {
      "precision": 0.9672131147540983,
      "recall": 0.9365079365079365,
      "f1": 0.9516129032258065,
      "support": 63
    },
    "W": {
      "precision": 0.9402985074626866,
      "recall": 1.0,
      "f1": 0.9692307692307692,
      "support": 63
    },
    "X": {
      "precision": 0.9682539682539683,
      "recall": 0.9682539682539683,
      "f1": 0.9682539682539683,
      "support": 63
    },
    "Y": {
      "precision": 0.9692307692307692,
      "recall": 1.0,
      "f1": 0.984375,
      "support": 63
    },
    "Z": {
      "precision": 0.9253731343283582,
      "recall": 0.9841269841269841,
      "f1": 0.9538461538461539,
      "support": 63
    }
  },
  "most_confused_pairs": [
    {
      "true": "P",
      "pred": "Q",
      "count": 4
    },
    {
      "true": "V",
      "pred": "W",
      "count": 4
    },
    {
      "true": "C",
      "pred": "O",
      "count": 2
    },
    {
      "true": "I",
      "pred": "Y",
      "count": 2
    },
    {
      "true": "K",
      "pred": "C",
      "count": 2
    },
    {
      "true": "N",
      "pred": "E",
      "count": 2
    },
    {
      "true": "N",
      "pred": "M",
      "count": 2
    },
    {
      "true": "N",
      "pred": "T",
      "count": 2
    },
    {
      "true": "R",
      "pred": "X",
      "count": 2
    },
    {
      "true": "R",
      "pred": "Z",
      "count": 2
    }
  ],
  "num_test_samples": 1631,
  "checkpoint": "artifacts/checkpoints/best_model.pth",
  "note": "Accuracy on the tiny data/sample fixture is a wiring sanity check, not a meaningful measure of model quality. Train on the full ASL Alphabet dataset for real numbers."
}
