{
  "overall_accuracy": 0.9690851735015773,
  "macro_f1": 0.9686837245533175,
  "macro_precision": 0.9692651371151328,
  "macro_recall": 0.9685810031965533,
  "per_class": {
    "A": {
      "precision": 0.987012987012987,
      "recall": 0.9806451612903225,
      "f1": 0.9838187702265372,
      "support": 155
    },
    "B": {
      "precision": 1.0,
      "recall": 0.9806451612903225,
      "f1": 0.990228013029316,
      "support": 155
    },
    "C": {
      "precision": 0.9923076923076923,
      "recall": 0.9772727272727273,
      "f1": 0.9847328244274809,
      "support": 132
    },
    "D": {
      "precision": 0.9848484848484849,
      "recall": 0.9923664122137404,
      "f1": 0.9885931558935361,
      "support": 131
    },
    "E": {
      "precision": 0.930379746835443,
      "recall": 0.9932432432432432,
      "f1": 0.9607843137254902,
      "support": 148
    },
    "F": {
      "precision": 0.9779411764705882,
      "recall": 0.9708029197080292,
      "f1": 0.9743589743589743,
      "support": 137
    },
    "G": {
      "precision": 0.991869918699187,
      "recall": 0.9682539682539683,
      "f1": 0.9799196787148594,
      "support": 126
    },
    "H": {
      "precision": 0.9922480620155039,
      "recall": 1.0,
      "f1": 0.9961089494163424,
      "support": 128
    },
    "I": {
      "precision": 0.968503937007874,
      "recall": 0.9609375,
      "f1": 0.9647058823529412,
      "support": 128
    },
    "J": {
      "precision": 0.9864864864864865,
      "recall": 1.0,
      "f1": 0.9931972789115646,
      "support": 73
    },
    "K": {
      "precision": 0.9349593495934959,
      "recall": 0.9504132231404959,
      "f1": 0.9426229508196722,
      "support": 121
    },
    "L": {
      "precision": 0.9765625,
      "recall": 1.0,
      "f1": 0.9881422924901185,
      "support": 125
    },
    "M": {
      "precision": 0.963302752293578,
      "recall": 0.9130434782608695,
      "f1": 0.9375,
      "support": 115
    },
    "N": {
      "precision": 0.8661417322834646,
      "recall": 0.9401709401709402,
      "f1": 0.9016393442622951,
      "support": 117
    },
    "O": {
      "precision": 0.9923664122137404,
      "recall": 1.0,
      "f1": 0.9961685823754789,
      "support": 130
    },
    "P": {
      "precision": 0.9724770642201835,
      "recall": 1.0,
      "f1": 0.986046511627907,
      "support": 106
    },
    "Q": {
      "precision": 0.9907407407407407,
      "recall": 0.9907407407407407,
      "f1": 0.9907407407407407,
      "support": 108
    },
    "R": {
      "precision": 0.9210526315789473,
      "recall": 0.8974358974358975,
      "f1": 0.9090909090909091,
      "support": 117
    },
    "S": {
      "precision": 0.9655172413793104,
      "recall": 0.9333333333333333,
      "f1": 0.9491525423728814,
      "support": 120
    },
    "T": {
      "precision": 0.9727272727272728,
      "recall": 0.9067796610169492,
      "f1": 0.9385964912280702,
      "support": 118
    },
    "U": {
      "precision": 0.9739130434782609,
      "recall": 0.9655172413793104,
      "f1": 0.9696969696969697,
      "support": 116
    },
    "V": {
      "precision": 0.952755905511811,
      "recall": 0.9758064516129032,
      "f1": 0.9641434262948207,
      "support": 124
    },
    "W": {
      "precision": 1.0,
      "recall": 0.9682539682539683,
      "f1": 0.9838709677419355,
      "support": 126
    },
    "X": {
      "precision": 0.959349593495935,
      "recall": 0.9833333333333333,
      "f1": 0.9711934156378601,
      "support": 120
    },
    "Y": {
      "precision": 0.9752066115702479,
      "recall": 0.9752066115702479,
      "f1": 0.9752066115702479,
      "support": 121
    },
    "Z": {
      "precision": 0.9722222222222222,
      "recall": 0.958904109589041,
      "f1": 0.9655172413793104,
      "support": 73
    }
  },
  "most_confused_pairs": [
    {
      "true": "M",
      "pred": "N",
      "count": 9
    },
    {
      "true": "T",
      "pred": "N",
      "count": 6
    },
    {
      "true": "N",
      "pred": "M",
      "count": 4
    },
    {
      "true": "S",
      "pred": "E",
      "count": 4
    },
    {
      "true": "B",
      "pred": "F",
      "count": 3
    },
    {
      "true": "R",
      "pred": "K",
      "count": 3
    },
    {
      "true": "R",
      "pred": "X",
      "count": 3
    },
    {
      "true": "U",
      "pred": "R",
      "count": 3
    },
    {
      "true": "W",
      "pred": "V",
      "count": 3
    },
    {
      "true": "C",
      "pred": "E",
      "count": 2
    }
  ],
  "num_test_samples": 3170,
  "checkpoint": "artifacts/checkpoints/best_model.pth",
  "note": "Accuracy measured on the held-out test split of a real ASL hand-sign dataset (never seen during training or validation)."
}