{
  "source": "cross-dataset:data/asl_crossval",
  "num_samples": 712,
  "hand_crop_used": true,
  "num_no_hand_fallback": 61,
  "accuracy": 0.3342696629213483,
  "macro_f1": 0.3399531584372142,
  "macro_precision": 0.39035102077237477,
  "macro_recall": 0.335015799604659,
  "per_class": {
    "A": {
      "precision": 0.43478260869565216,
      "recall": 0.3448275862068966,
      "f1": 0.38461538461538464,
      "support": 29
    },
    "B": {
      "precision": 0.9333333333333333,
      "recall": 0.56,
      "f1": 0.7,
      "support": 25
    },
    "C": {
      "precision": 0.6521739130434783,
      "recall": 0.6,
      "f1": 0.625,
      "support": 25
    },
    "D": {
      "precision": 0.16129032258064516,
      "recall": 0.17857142857142858,
      "f1": 0.1694915254237288,
      "support": 28
    },
    "E": {
      "precision": 0.4,
      "recall": 0.08,
      "f1": 0.13333333333333333,
      "support": 25
    },
    "F": {
      "precision": 0.15384615384615385,
      "recall": 0.4,
      "f1": 0.2222222222222222,
      "support": 30
    },
    "G": {
      "precision": 0.3076923076923077,
      "recall": 0.26666666666666666,
      "f1": 0.2857142857142857,
      "support": 30
    },
    "H": {
      "precision": 0.9333333333333333,
      "recall": 0.4827586206896552,
      "f1": 0.6363636363636364,
      "support": 29
    },
    "I": {
      "precision": 0.4666666666666667,
      "recall": 0.23333333333333334,
      "f1": 0.3111111111111111,
      "support": 30
    },
    "J": {
      "precision": 0.09090909090909091,
      "recall": 0.1,
      "f1": 0.09523809523809523,
      "support": 30
    },
    "K": {
      "precision": 0.23809523809523808,
      "recall": 0.18518518518518517,
      "f1": 0.20833333333333334,
      "support": 27
    },
    "L": {
      "precision": 0.59375,
      "recall": 0.6785714285714286,
      "f1": 0.6333333333333333,
      "support": 28
    },
    "M": {
      "precision": 0.4230769230769231,
      "recall": 0.39285714285714285,
      "f1": 0.4074074074074074,
      "support": 28
    },
    "N": {
      "precision": 0.3125,
      "recall": 0.18518518518518517,
      "f1": 0.23255813953488372,
      "support": 27
    },
    "O": {
      "precision": 0.55,
      "recall": 0.39285714285714285,
      "f1": 0.4583333333333333,
      "support": 28
    },
    "P": {
      "precision": 0.08333333333333333,
      "recall": 0.16,
      "f1": 0.1095890410958904,
      "support": 25
    },
    "Q": {
      "precision": 0.13043478260869565,
      "recall": 0.23076923076923078,
      "f1": 0.16666666666666666,
      "support": 26
    },
    "R": {
      "precision": 0.3333333333333333,
      "recall": 0.12,
      "f1": 0.17647058823529413,
      "support": 25
    },
    "S": {
      "precision": 0.19718309859154928,
      "recall": 0.4666666666666667,
      "f1": 0.27722772277227725,
      "support": 30
    },
    "T": {
      "precision": 0.16666666666666666,
      "recall": 0.04,
      "f1": 0.06451612903225806,
      "support": 25
    },
    "U": {
      "precision": 0.7333333333333333,
      "recall": 0.44,
      "f1": 0.55,
      "support": 25
    },
    "V": {
      "precision": 0.3157894736842105,
      "recall": 0.42857142857142855,
      "f1": 0.36363636363636365,
      "support": 28
    },
    "W": {
      "precision": 0.6666666666666666,
      "recall": 0.6666666666666666,
      "f1": 0.6666666666666666,
      "support": 27
    },
    "X": {
      "precision": 0.41379310344827586,
      "recall": 0.46153846153846156,
      "f1": 0.43636363636363634,
      "support": 26
    },
    "Y": {
      "precision": 0.45714285714285713,
      "recall": 0.6153846153846154,
      "f1": 0.5245901639344263,
      "support": 26
    },
    "Z": {
      "precision": 0.0,
      "recall": 0.0,
      "f1": 0.0,
      "support": 30
    }
  },
  "most_confused_pairs": [
    {
      "true": "J",
      "pred": "P",
      "count": 12
    },
    {
      "true": "T",
      "pred": "S",
      "count": 12
    },
    {
      "true": "Q",
      "pred": "P",
      "count": 11
    },
    {
      "true": "N",
      "pred": "S",
      "count": 10
    },
    {
      "true": "A",
      "pred": "Q",
      "count": 9
    },
    {
      "true": "E",
      "pred": "S",
      "count": 9
    },
    {
      "true": "K",
      "pred": "F",
      "count": 9
    },
    {
      "true": "P",
      "pred": "K",
      "count": 8
    },
    {
      "true": "I",
      "pred": "D",
      "count": 7
    },
    {
      "true": "Z",
      "pred": "S",
      "count": 7
    }
  ],
  "checkpoint": "artifacts/checkpoints/best_model.pth",
  "note": "CROSS-DATASET generalization: the checkpoint was trained on a different (single-signer, plain-background) dataset and is evaluated here on a DIFFERENT dataset (different signers/backgrounds). This is the honest real-world number \u2014 it is NOT the ~96.8% same-dataset held-out benchmark and MUST NOT be averaged or merged with it. Lower accuracy here is expected and reflects the domain gap, not a regression."
}