{
  "source": "cross-dataset:data/asl_crossval",
  "num_samples": 712,
  "hand_crop_used": true,
  "num_no_hand_fallback": 61,
  "accuracy": 0.5547752808988764,
  "macro_f1": 0.5475885569917895,
  "macro_precision": 0.5762750654984696,
  "macro_recall": 0.5552807223231626,
  "accuracy_ay": 0.598159509202454,
  "macro_f1_ay": 0.6030930661292478,
  "num_samples_ay": 652,
  "per_class": {
    "A": {
      "precision": 0.7,
      "recall": 0.4827586206896552,
      "f1": 0.5714285714285714,
      "support": 29
    },
    "B": {
      "precision": 1.0,
      "recall": 0.72,
      "f1": 0.8372093023255814,
      "support": 25
    },
    "C": {
      "precision": 0.6296296296296297,
      "recall": 0.68,
      "f1": 0.6538461538461539,
      "support": 25
    },
    "D": {
      "precision": 0.43478260869565216,
      "recall": 0.35714285714285715,
      "f1": 0.39215686274509803,
      "support": 28
    },
    "E": {
      "precision": 0.47058823529411764,
      "recall": 0.64,
      "f1": 0.5423728813559322,
      "support": 25
    },
    "F": {
      "precision": 0.6333333333333333,
      "recall": 0.6333333333333333,
      "f1": 0.6333333333333333,
      "support": 30
    },
    "G": {
      "precision": 0.43478260869565216,
      "recall": 0.6666666666666666,
      "f1": 0.5263157894736842,
      "support": 30
    },
    "H": {
      "precision": 0.8518518518518519,
      "recall": 0.7931034482758621,
      "f1": 0.8214285714285714,
      "support": 29
    },
    "I": {
      "precision": 0.5454545454545454,
      "recall": 0.6,
      "f1": 0.5714285714285714,
      "support": 30
    },
    "J": {
      "precision": 0.23529411764705882,
      "recall": 0.13333333333333333,
      "f1": 0.1702127659574468,
      "support": 30
    },
    "K": {
      "precision": 0.5909090909090909,
      "recall": 0.48148148148148145,
      "f1": 0.5306122448979592,
      "support": 27
    },
    "L": {
      "precision": 0.6410256410256411,
      "recall": 0.8928571428571429,
      "f1": 0.746268656716418,
      "support": 28
    },
    "M": {
      "precision": 0.7,
      "recall": 0.5,
      "f1": 0.5833333333333334,
      "support": 28
    },
    "N": {
      "precision": 0.3333333333333333,
      "recall": 0.4074074074074074,
      "f1": 0.36666666666666664,
      "support": 27
    },
    "O": {
      "precision": 0.8333333333333334,
      "recall": 0.5357142857142857,
      "f1": 0.6521739130434783,
      "support": 28
    },
    "P": {
      "precision": 0.45454545454545453,
      "recall": 0.4,
      "f1": 0.425531914893617,
      "support": 25
    },
    "Q": {
      "precision": 0.5454545454545454,
      "recall": 0.6923076923076923,
      "f1": 0.6101694915254238,
      "support": 26
    },
    "R": {
      "precision": 0.5238095238095238,
      "recall": 0.44,
      "f1": 0.4782608695652174,
      "support": 25
    },
    "S": {
      "precision": 0.34210526315789475,
      "recall": 0.8666666666666667,
      "f1": 0.49056603773584906,
      "support": 30
    },
    "T": {
      "precision": 0.2857142857142857,
      "recall": 0.16,
      "f1": 0.20512820512820512,
      "support": 25
    },
    "U": {
      "precision": 1.0,
      "recall": 0.56,
      "f1": 0.717948717948718,
      "support": 25
    },
    "V": {
      "precision": 0.475,
      "recall": 0.6785714285714286,
      "f1": 0.5588235294117647,
      "support": 28
    },
    "W": {
      "precision": 0.9583333333333334,
      "recall": 0.8518518518518519,
      "f1": 0.9019607843137255,
      "support": 27
    },
    "X": {
      "precision": 0.4838709677419355,
      "recall": 0.5769230769230769,
      "f1": 0.5263157894736842,
      "support": 26
    },
    "Y": {
      "precision": 0.68,
      "recall": 0.6538461538461539,
      "f1": 0.6666666666666666,
      "support": 26
    },
    "Z": {
      "precision": 0.2,
      "recall": 0.03333333333333333,
      "f1": 0.05714285714285714,
      "support": 30
    }
  },
  "most_confused_pairs": [
    {
      "true": "T",
      "pred": "S",
      "count": 14
    },
    {
      "true": "Z",
      "pred": "N",
      "count": 12
    },
    {
      "true": "A",
      "pred": "S",
      "count": 8
    },
    {
      "true": "J",
      "pred": "G",
      "count": 8
    },
    {
      "true": "Z",
      "pred": "G",
      "count": 7
    },
    {
      "true": "E",
      "pred": "S",
      "count": 6
    },
    {
      "true": "J",
      "pred": "S",
      "count": 5
    },
    {
      "true": "K",
      "pred": "V",
      "count": 5
    },
    {
      "true": "P",
      "pred": "Q",
      "count": 5
    },
    {
      "true": "T",
      "pred": "N",
      "count": 5
    }
  ],
  "confusion_labels": [
    "A",
    "B",
    "C",
    "D",
    "E",
    "F",
    "G",
    "H",
    "I",
    "J",
    "K",
    "L",
    "M",
    "N",
    "O",
    "P",
    "Q",
    "R",
    "S",
    "T",
    "U",
    "V",
    "W",
    "X",
    "Y",
    "Z"
  ],