{
  "source": "cross-dataset:data/asl_crossval",
  "num_samples": 712,
  "hand_crop_used": true,
  "num_no_hand_fallback": 61,
  "accuracy": 0.476123595505618,
  "macro_f1": 0.46843913607651017,
  "macro_precision": 0.49182103199441823,
  "macro_recall": 0.47964600140992714,
  "per_class": {
    "A": {
      "precision": 0.5263157894736842,
      "recall": 0.3448275862068966,
      "f1": 0.4166666666666667,
      "support": 29
    },
    "B": {
      "precision": 0.7083333333333334,
      "recall": 0.68,
      "f1": 0.6938775510204082,
      "support": 25
    },
    "C": {
      "precision": 0.5517241379310345,
      "recall": 0.64,
      "f1": 0.5925925925925926,
      "support": 25
    },
    "D": {
      "precision": 0.3333333333333333,
      "recall": 0.21428571428571427,
      "f1": 0.2608695652173913,
      "support": 28
    },
    "E": {
      "precision": 0.36666666666666664,
      "recall": 0.44,
      "f1": 0.4,
      "support": 25
    },
    "F": {
      "precision": 0.65,
      "recall": 0.43333333333333335,
      "f1": 0.52,
      "support": 30
    },
    "G": {
      "precision": 0.4838709677419355,
      "recall": 0.5,
      "f1": 0.4918032786885246,
      "support": 30
    },
    "H": {
      "precision": 0.8571428571428571,
      "recall": 0.6206896551724138,
      "f1": 0.72,
      "support": 29
    },
    "I": {
      "precision": 0.5217391304347826,
      "recall": 0.4,
      "f1": 0.4528301886792453,
      "support": 30
    },
    "J": {
      "precision": 0.15384615384615385,
      "recall": 0.13333333333333333,
      "f1": 0.14285714285714285,
      "support": 30
    },
    "K": {
      "precision": 0.44,
      "recall": 0.4074074074074074,
      "f1": 0.4230769230769231,
      "support": 27
    },
    "L": {
      "precision": 0.7096774193548387,
      "recall": 0.7857142857142857,
      "f1": 0.7457627118644068,
      "support": 28
    },
    "M": {
      "precision": 0.7692307692307693,
      "recall": 0.35714285714285715,
      "f1": 0.4878048780487805,
      "support": 28
    },
    "N": {
      "precision": 0.42857142857142855,
      "recall": 0.2222222222222222,
      "f1": 0.2926829268292683,
      "support": 27
    },
    "O": {
      "precision": 0.7222222222222222,
      "recall": 0.4642857142857143,
      "f1": 0.5652173913043478,
      "support": 28
    },
    "P": {
      "precision": 0.20588235294117646,
      "recall": 0.28,
      "f1": 0.23728813559322035,
      "support": 25
    },
    "Q": {
      "precision": 0.37777777777777777,
      "recall": 0.6538461538461539,
      "f1": 0.4788732394366197,
      "support": 26
    },
    "R": {
      "precision": 0.38235294117647056,
      "recall": 0.52,
      "f1": 0.4406779661016949,
      "support": 25
    },
    "S": {
      "precision": 0.27586206896551724,
      "recall": 0.8,
      "f1": 0.41025641025641024,
      "support": 30
    },
    "T": {
      "precision": 0.2222222222222222,
      "recall": 0.16,
      "f1": 0.18604651162790697,
      "support": 25
    },
    "U": {
      "precision": 0.7619047619047619,
      "recall": 0.64,
      "f1": 0.6956521739130435,
      "support": 25
    },
    "V": {
      "precision": 0.42105263157894735,
      "recall": 0.5714285714285714,
      "f1": 0.48484848484848486,
      "support": 28
    },
    "W": {
      "precision": 0.7692307692307693,
      "recall": 0.7407407407407407,
      "f1": 0.7547169811320755,
      "support": 27
    },
    "X": {
      "precision": 0.5483870967741935,
      "recall": 0.6538461538461539,
      "f1": 0.5964912280701754,
      "support": 26
    },
    "Y": {
      "precision": 0.6,
      "recall": 0.8076923076923077,
      "f1": 0.6885245901639344,
      "support": 26
    },
    "Z": {
      "precision": 0.0,
      "recall": 0.0,
      "f1": 0.0,
      "support": 30
    }
  },
  "most_confused_pairs": [
    {
      "true": "T",
      "pred": "S",
      "count": 15
    },
    {
      "true": "N",
      "pred": "S",
      "count": 11
    },
    {
      "true": "E",
      "pred": "S",
      "count": 10
    },
    {
      "true": "Z",
      "pred": "P",
      "count": 10
    },
    {
      "true": "Z",
      "pred": "Q",
      "count": 8
    },
    {
      "true": "V",
      "pred": "K",
      "count": 7
    },
    {
      "true": "A",
      "pred": "T",
      "count": 6
    },
    {
      "true": "J",
      "pred": "P",
      "count": 6
    },
    {
      "true": "M",
      "pred": "S",
      "count": 6
    },
    {
      "true": "W",
      "pred": "V",
      "count": 6
    }
  ],
  "checkpoint": "artifacts/checkpoints/best_model.pth",
  "note": "CROSS-DATASET generalization: the checkpoint was trained on a different (single-signer, plain-background) dataset and is evaluated here on a DIFFERENT dataset (different signers/backgrounds). This is the honest real-world number \u2014 it is NOT the ~96.8% same-dataset held-out benchmark and MUST NOT be averaged or merged with it. Lower accuracy here is expected and reflects the domain gap, not a regression."
}